10.10.30.201,9C-7B-EF-AC-2E-14
10.10.30.202,F4-39-09-00-23-A4
10.10.30.203,9C-7B-EF-AC-30-01
10.10.30.204,F4-39-09-00-EB-2F
10.10.30.205,9C-7B-EF-AC-2A-C7
10.10.30.206,9C-7B-EF-AC-2F-1F
10.10.30.207,9C-7B-EF-AC-31-75
10.10.30.208,9C-7B-EF-AC-31-64
10.10.30.209,9C-7B-EF-AC-2F-73
10.10.30.210,9C-7B-EF-AC-31-42
10.10.30.211,9C-7B-EF-AC-32-35
10.10.30.212,9C-7B-EF-AB-FE-BA
10.10.30.213,9C-7B-EF-AC-30-C5
10.10.30.214,9C-7B-EF-AC-30-B4
10.10.30.215,9C-7B-EF-AC-2C-B8
10.10.30.216,9C-7B-EF-AC-31-56
10.10.30.217,9C-7B-EF-AC-31-63
10.10.30.218,9C-7B-EF-AC-2B-00
10.10.30.219,9C-7B-EF-AC-2E-B5
10.10.30.220,9C-7B-EF-AC-31-1C
10.10.30.221,9C-7B-EF-AB-F9-87
10.10.30.222,9C-7B-EF-A9-6A-C3
10.10.30.223,F4-39-09-13-D0-01
10.10.30.224,9C-7B-EF-AC-04-AE